id_noticia,titulo,url,medio,idioma,fecha_publicacion,fecha_deteccion,fecha_extraccion,tema,origen,alcance_texto,descripcion,agencia,sintetica,no_confiable
n_a6c8c51fa207,"Descentralización explica qué incluye el proyecto de B/.293,715 para 15 juntas comunales",https://tvn-2.com/nacionales/autoridad-nacional-descentralizacion-explica-incluye-proyecto-junta-comunales_1_2264582.html,TVN,es,2026-10-06T14:51:46.000Z,,2026-10-06T15:09:15.239Z,,tvn_rss,titular_metadatos,"De acuerdo con la AND, las Oficinas Remotas buscan que las juntas comunales puedan realizar desde sus propias comunidades trámites que actualmente requieren desplazamientos hacia oficinas regionales.",,false,false
n_71808f047b1d,"Arranca la Semana de la Responsabilidad Social Empresarial con enfoque en sostenibilidad, juventud y el futuro",https://tvn-2.com/nacionales/arranca-semana-responsabilidad-social-empresarial-sumarse-juventud-retos-futuro_1_2264570.html,TVN,es,2026-10-06T13:35:56.000Z,,2026-10-06T15:09:15.239Z,,tvn_rss,titular_metadatos,"Según Mola, el evento registra más de 1,300 asistentes únicos cada año, con una participación diaria que oscila entre 500 y 600 personas.",,false,false
n_ccfb30161637,Reformas electorales: Blandón defiende el 3% para nuevos partidos y rechaza aumento del financiamiento privado,https://tvn-2.com/nacionales/reformas-electorales-blandon-defiende-3_1_2264565.html,TVN,es,2026-10-06T13:00:36.000Z,,2026-10-06T15:09:15.239Z,,tvn_rss,titular_metadatos,"Ante los cuestionamientos de que las reformas estarían diseñadas para favorecer a los partidos tradicionales y dificultar la creación de nuevas organizaciones políticas, Blandón rechazó esa interpretación.",,false,false
n_0a4af833d717,Colegios particulares atribuyen aumento de matrícula a migración al sector oficial y altos costos de operación,https://tvn-2.com/nacionales/colegios-particulares-estudiantes-aumento-matricula-mayores-gastos-informe-acodeco_1_2264562.html,TVN,es,2026-10-06T12:41:06.000Z,,2026-10-06T15:09:15.239Z,,tvn_rss,titular_metadatos,"Lasso explicó que, según un informe de la Acodeco basado en una muestra de centros educativos, entre el 20% y el 25% de los colegios contemplados realizarían aumentos. Aclaró que esto no significa que sean siempre los mismos centros los que increment",,false,false
n_ac1a76777f96,Panamá reforzará su presencia marítima en Vietnam con nueva oficina de servicio técnico de la AMP en Ho Chi Minh,https://tvn-2.com/nacionales/panama-reforzara-presencia-maritima-vietnam-autoridad-maritima-de-panama-registro-de-buques_1_2264552.html,TVN,es,2026-10-06T11:57:42.000Z,,2026-10-06T15:09:15.239Z,,tvn_rss,titular_metadatos,El mandatario también anunció que ya se entablaron conversaciones con el grupo vietnamita Vingroup y VinFast con el fin de establecer en una zona franca de Panamá su centro de distribución regional de vehículos eléctricos y repuestos para toda Améric,,false,false
n_a2c305a79cc7,Disparan contra el vehículo del exdiputado Pedro Torres en Colón,https://tvn-2.com/nacionales/disparan-vehiculo-exdiputado-pedro-torres_1_2264522.html,TVN,es,2026-10-06T01:25:08.000Z,,2026-10-06T15:09:15.239Z,,tvn_rss,titular_metadatos,"El exdiputado del Partido Panameñista, Pedro Torres, por el circuito 3-1 en Colón para el período 2019-2024, se desplazaba en un vehículo de color negro cuando desconocidos abrieron fuego en su contra.",,false,false
n_4dbc153b7bf1,"Expertos israelíes inician gira en Azuero para evaluar tratamiento, potabilización y distribución del agua",https://tvn-2.com/nacionales/expertos-israelies-inician-gira-azuero_1_2264462.html,TVN,es,2026-10-05T23:09:27.000Z,,2026-10-06T15:09:15.239Z,,tvn_rss,titular_metadatos,"La delegación de expertos de Mekorot inició una gira técnica en Los Canelos de Santa María, donde evaluará procesos de tratamiento, potabilización y distribución del agua junto con entidades panameñas.",,false,false
n_5ee43004dedb,Coiba: Hábitat clave para la conservación de la tortuga verde,https://tvn-2.com/nacionales/coiba-habitat-clave-conservacion-tortuga_1_2264476.html,TVN,es,2026-10-05T23:43:05.000Z,,2026-10-06T15:09:15.239Z,,tvn_rss,titular_metadatos,"Los primeros resultados del programa de monitoreo, iniciado en junio de 2025, muestran ejemplares con buena condición corporal y características compatibles con individuos adultos.",,false,false
n_ce443344c63b,Vandalizan pozo del Idaan en Finca 4 de Changuinola y afectan suministro,https://tvn-2.com/nacionales/provincias/vandalizan-pozo-idaan-finca-4_1_2264447.html,TVN,es,2026-10-05T23:07:42.000Z,,2026-10-06T15:09:15.239Z,,tvn_rss,titular_metadatos,"Vandalizan pozo que provee servicio de agua potable en distintas zonas de Changuinola, en la provincia de Bocas del Toro.",,false,false
n_00f541fda615,Cacica de la comarca Ngäbe Buglé pide equipo y capacitación al Ministerio de Seguridad para los 'Buko day',https://tvn-2.com/nacionales/provincias/cacica-comarca-ngaebe-bugle-pide_1_2264442.html,TVN,es,2026-10-05T20:47:57.000Z,,2026-10-06T15:09:15.239Z,,tvn_rss,titular_metadatos,La cacica exige entrenamiento exhaustivo y dotación de equipos a los 'Buko day' para la protección y reservación de las comarcas.,,false,false
n_79658a38c016,Cirugía de alta complejidad corrige deformidad en el pie de paciente en Chitré,https://tvn-2.com/nacionales/cirugia-alta-complejidad-corrige-deformidad_1_2264452.html,TVN,es,2026-10-05T21:18:41.000Z,,2026-10-06T15:09:15.239Z,,tvn_rss,titular_metadatos,"De acuerdo con los especialistas, el paciente había sido operado tres años atrás debido a una fractura de astrágalo. Sin embargo, el hueso no logró consolidar completamente, condición conocida como “no unión”.",,false,false
n_518c000d4992,"Aprehenden a Enrique Lau, exdirector de la CSS, por supuesto enriquecimiento injustificado",https://tvn-2.com/nacionales/judicial/aprehenden-enrique-lau-exdirector-css_1_2264560.html,TVN,es,2026-10-06T11:50:00.000Z,,2026-10-06T15:09:15.239Z,,tvn_rss,titular_metadatos,"Lau Cortés fue director de la CSS desde 2019 hasta el 2025, durante la administración de Laurentino Cortizo.",,false,false
n_617919f9dcab,César Caicedo ahora está recluido en el Hospital Santo Tomás; había sido trasladado a Coiba,https://tvn-2.com/nacionales/judicial/cesar-caicedo-ahora-recluido-hospital-santotomas_1_2264431.html,TVN,es,2026-10-05T19:03:37.000Z,,2026-10-06T15:09:15.239Z,,tvn_rss,titular_metadatos,"La defensa sostiene que regresar a Coiba representa un riesgo para la vida e integridad física de su representado, debido a que la isla se encuentra alejada de los hospitales de tercer nivel que podrían responder de manera inmediata ante una emergenc",,false,false
n_cd235d5e917d,Ordenan detención provisional para representante de Ñürüm por presunta violencia de género,https://tvn-2.com/nacionales/judicial/ordenan-detencion-provisional-representante-nurum_1_2264398.html,TVN,es,2026-10-05T16:45:50.000Z,,2026-10-06T15:09:15.239Z,,tvn_rss,titular_metadatos,"La defensa anunció un recurso de apelación contra la medida cautelar, por lo que se fijó una nueva audiencia para el próximo viernes 9 de octubre, a las 8:15 a.m., ante el Tribunal Superior de Apelaciones del Segundo Distrito Judicial.",,false,false
n_72020673e6ca,El legado evoluciona: nuevo BMW X5 se presenta en el Panama Motor Show 2026,https://tvn-2.com/economia/empresas/publirreportajes/video-legado-evoluciona-nuevo-bmw-x5_8_2264457.html,TVN,es,2026-10-05T21:00:13.000Z,,2026-10-06T15:09:15.239Z,,tvn_rss,titular_metadatos,,,false,false
n_1791cd5a1bcf,El legado evoluciona: nuevo BMW X5 se presenta en el Panama Motor Show 2026,https://tvn-2.com/economia/empresas/publirreportajes/legado-evoluciona-nuevo-bmw-x5_1_2264376.html,TVN,es,2026-10-05T17:07:20.000Z,,2026-10-06T15:09:15.239Z,,tvn_rss,titular_metadatos,"El BMW X5 40i M Sport Pro presentado en Panamá equipa un motor BMW TwinPower Turbo de seis cilindros en línea y 2,998 cc, con 394 hp y 540 Nm de torque, asociado a una transmisión automática deportiva de ocho velocidades y al sistema inteligente de t",,false,false
n_9de181fc05c9,Mazda impacta en el Panama Motor Show con el lanzamiento del totalmente nuevo CX-5,https://tvn-2.com/economia/empresas/publirreportajes/video-mazda-impacta-panama-motor-show_8_2264395.html,TVN,es,2026-10-05T16:29:44.000Z,,2026-10-06T15:09:15.239Z,,tvn_rss,titular_metadatos,,,false,false
n_1511bbffed67,Mazda impacta en el Panama Motor Show con el lanzamiento del totalmente nuevo CX-5,https://tvn-2.com/economia/empresas/publirreportajes/mazda-impacta-panama-motor-show_1_2264382.html,TVN,es,2026-10-05T16:26:56.000Z,,2026-10-06T15:09:15.239Z,,tvn_rss,titular_metadatos,"Mazda
se convirtió en uno de los principales atractivos del Panama Motor Show al presentar de manera oficial la renovación de uno de sus modelos insignia: el totalmente nuevo
Mazda CX-5
. La propuesta de la marca apunta a fortalecer su posición en el",,false,false
n_cd345ce45b2a,Mercantil está presente en Panamá Motor Show 2026,https://tvn-2.com/economia/empresas/publirreportajes/video-mercantil-presente-panama-motor-show_8_2264360.html,TVN,es,2026-10-05T13:56:17.000Z,,2026-10-06T15:09:15.239Z,,tvn_rss,titular_metadatos,,,false,false
n_f9d24d4be1b1,La movilidad eléctrica gana espacio en un mercado panameño marcado por el crecimiento de los SUV,https://tvn-2.com/economia/empresas/publirreportajes/movilidad-electrica-gana-espacio-mercado_1_2264141.html,TVN,es,2026-10-03T21:53:49.000Z,,2026-10-06T15:09:15.239Z,,tvn_rss,titular_metadatos,"Inchcape presentó en el Panama Motor Show el eVitara, el primer vehículo completamente eléctrico de Suzuki en Panamá, en un contexto en el que crecen las ventas de vehículos nuevos, los SUV concentran más de la mitad del mercado y aumenta la incorpor",,false,false
n_412a3e33a42c,Mercantil está presente en Panamá Motor Show 2026,https://tvn-2.com/economia/empresas/publirreportajes/mercantil-estara-presente-panama-motor_1_2264122.html,TVN,es,2026-10-03T21:38:49.000Z,,2026-10-06T15:09:15.239Z,,tvn_rss,titular_metadatos,Con una oferta integral y competitiva para la compra de vehículos.,,false,false
n_44f8ce26b64d,Ricardo Pérez presenta +Caminos en el Panamá Motor Show: su estrategia inclusiva de electrificación,https://tvn-2.com/economia/empresas/publirreportajes/ricardo-perez-presenta-caminos-panama_1_2263941.html,TVN,es,2026-10-03T20:15:31.000Z,,2026-10-06T15:09:15.239Z,,tvn_rss,titular_metadatos,"Con 70 años en Panamá, la empresa distribuidora de Toyota y Lexus muestra el camino recorrido en movilidad sostenible y lanza su estrategia para orientar a los clientes sobre la libertad de elegir su propia tecnología.",,false,false
n_6faf2bff68e8,Bocas del Toro: Acodeco despliega inspectores para fiscalizar precios de combustible en estaciones,https://tvn-2.com/nacionales/bocas-toro-acodeco-despliega-inspectores_1_2263949.html,TVN,es,2026-10-02T17:16:09.000Z,,2026-10-06T15:09:15.239Z,,tvn_rss,titular_metadatos,"Con el nuevo aumento en el precio del combustible, Acodeco intensifica las verificaciones en las estaciones y advierte a los conductores que revisen bien sus facturas.",,false,false
n_8581d3df61f8,"BYD Panamá reunió a representantes de medios de comunicación en su agencia de Calle 50 para realizar un Tech Talk dedicado a conocer de cerca la tecnología, innovación y propuesta de movilidad que distinguen a la marca.",https://tvn-2.com/economia/empresas/publirreportajes/video-byd-panama-reunio-representantes-medios_8_2263652.html,TVN,es,2026-10-01T00:12:21.000Z,,2026-10-06T15:09:15.239Z,,tvn_rss,titular_metadatos,,,false,false
n_505b14a34e21,Supermercados Xtra acompaña con solidaridad a pacientes oncológicos durante la Sandwichatón 2026,https://tvn-2.com/economia/empresas/publirreportajes/supermercados-xtra-acompana-solidaridad-pacientes_1_2263525.html,TVN,es,2026-09-30T15:33:46.000Z,,2026-10-06T15:09:15.239Z,,tvn_rss,titular_metadatos,"E
jecutivos y voluntarios de Supermercados Xtra
participaron
en
la tercera edición de la “Sandwichatón”, organizada por el Despacho de la primera dama, para acompañar con cercanía a pacientes oncológicos y sus familiares.",,false,false
n_2db16c5bd59f,BYD Panamá presenta su tecnología y anuncia su participación en Panamá Motor Show 2026,https://tvn-2.com/economia/empresas/publirreportajes/byd-panama-presenta-tecnologia-anuncia_1_2262930.html,TVN,es,2026-09-29T20:35:51.000Z,,2026-10-06T15:09:15.239Z,,tvn_rss,titular_metadatos,"La participación de BYD en Panamá Motor Show 2026 será una oportunidad para que los asistentes conozcan los vehículos, exploren sus principales características y reciban asesoría personalizada para elegir la opción que mejor se adapte a sus necesidad",,false,false
n_b5bc868e5871,'Nuestro súper': la apuesta de Pedidos Ya para acercar la experiencia de compra digital a más hogares,https://tvn-2.com/economia/empresas/publirreportajes/super-apuesta-pedidos-acercar-experiencia_1_2263160.html,TVN,es,2026-09-28T17:24:20.000Z,,2026-10-06T15:09:15.239Z,,tvn_rss,titular_metadatos,"¿Qué ocurre detrás de un pedido de supermercado en línea? Esa es la pregunta que busca responder “Nuestro súper”, la nueva campaña regional de PedidosYa Market creada por Anita&Vega para acercar su propuesta de valor a más consumidores.",,false,false
n_f5f0e584dd6b,Panamá muestra su diversidad cultural como País Invitado de Honor en la FIL Santo Domingo 2026,https://tvn-2.com/economia/empresas/publirreportajes/panama-muestra-diversidad-cultural-pais_1_2262840.html,TVN,es,2026-09-25T22:09:21.000Z,,2026-10-06T15:09:15.239Z,,tvn_rss,titular_metadatos,"La literatura ocupa un lugar central en la agenda panameña, con la participación de autores en presentaciones de libros, conversatorios y encuentros dedicados a temas como poesía, narrativa, memoria, identidad, territorio, literatura infantil y creac",,false,false
n_58727f537dcf,"Hyundai Truck & Bus lanza en Panamá su nueva Línea GT, con el respaldo de más de 20 años de Grupo Cincuentenario, en el marco de Expo CAPAC 2026",https://tvn-2.com/economia/empresas/publirreportajes/hyundai-truck-bus-lanza-panama_1_2262744.html,TVN,es,2026-09-25T16:09:48.000Z,,2026-10-06T15:09:15.239Z,,tvn_rss,titular_metadatos,"La cabina fue diseñada pensando en quien pasa el día al volante: más espacio, asientos de mayor tamaño y acceso más fácil para las subidas y bajadas constantes del reparto.",,false,false
n_75f5ce9bd981,Jazz Experience llevará música y talento nacional a Boquete,https://tvn-2.com/economia/empresas/publirreportajes/jazz-experience-llevara-musica-talento_1_2261974.html,TVN,es,2026-09-23T04:59:00.000Z,,2026-10-06T15:09:15.239Z,,tvn_rss,titular_metadatos,"La programación comenzará a las 4:30 de la tarde con un pre-show a cargo de Tiburón Amarillo, agrupación integrada por talento chiricano y ganadora del primer lugar del concurso Cultura Rock, auspiciado por el Ministerio de Cultura.",,false,false
n_adfc51a71e82,Panamá Black Weekend 2026 se celebrará del 2 al 4 de octubre con descuentos de hasta 70%,https://tvn-2.com/economia/empresas/publirreportajes/panama-black-weekend-2026-celebrara_1_2261763.html,TVN,es,2026-09-21T14:30:19.000Z,,2026-10-06T15:09:15.239Z,,tvn_rss,titular_metadatos,"La Asociación Panameña de Centros Comerciales (APACECOM), junto con sus centros y plazas comerciales participantes y aliados estratégicos, da oficialmente la bienvenida a una nueva edición del Panamá Black Weekend e invita a consumidores nacionales y",,false,false
n_9f522a4a6e98,Fitch Ratings cambia a positiva la perspectiva de Etesa y mantiene calificación en ‘B’,https://tvn-2.com/economia/empresas/ftch-ratings-cambia-positiva-perspectiva-etesa_1_2261870.html,TVN,es,2026-09-20T19:26:46.000Z,,2026-10-06T15:09:15.239Z,,tvn_rss,titular_metadatos,Fitch Ratings mantuvo en ‘B’ la calificación internacional de largo plazo de la empresa en moneda extranjera y modificó su perspectiva de estable a positiva. S&P Global también mantiene en ‘paAAA’ la calificación de una emisión de bonos de Etesa por,,false,false
n_afc60a8aa9ab,BRICS a nivel humano: cómo los programas de empleo fortalecen los lazos entre Rusia y Latinoamérica,https://tvn-2.com/mundo/brics-nivel-humano-programas-empleo_1_2261499.html,TVN,es,2026-09-18T15:15:43.000Z,,2026-10-06T15:09:15.239Z,,tvn_rss,titular_metadatos,"Las historias de Gabriela y Adriana, quienes llegaron de Brasil a través del programa

Alabuga Start
, demuestran cómo la experiencia personal de trabajo y adaptación puede cambiar la percepción de Rusia.",,false,false
n_40d350f2a9d6,Producto Interno Bruto de Panamá crece 6.4% en el segundo trimestre de 2026,https://tvn-2.com/economia/economia-panamena/producto-interno-bruto-pib-panama-crece-economia_1_2261484.html,TVN,es,2026-09-17T21:06:17.000Z,,2026-10-06T15:09:15.239Z,,tvn_rss,titular_metadatos,"La economía panameña generó $20,069.2 millones entre abril y junio, un incremento interanual de $1,204.3 millones. El comercio, el transporte y la logística, además de la recuperación del sector agropecuario, estuvieron entre los principales motores",,false,false
n_4917994b5525,Sólo en su primer día más de 25 mil talentos participaron de Empleo 2.0 Powered by Konzerta,https://tvn-2.com/economia/empresas/publirreportajes/primer-dia-25-mil-talentos_1_2261292.html,TVN,es,2026-09-17T17:32:13.000Z,,2026-10-06T15:09:15.239Z,,tvn_rss,titular_metadatos,"Sólo en su primer día,

Empleo 2.0 Powered by Konzerta
recibió más de 25mil visitantes.",,false,false
n_d4025d585f5b,ZEEKR llega oficialmente a Panamá de la mano de Bahia Motors,https://tvn-2.com/economia/empresas/publirreportajes/zeekr-llega-oficialmente-panama-mano_1_2261254.html,TVN,es,2026-09-16T21:03:24.000Z,,2026-10-06T15:09:15.239Z,,tvn_rss,titular_metadatos,"Lamarca de movilidad eléctrica premium iniciaoperaciones en el país con los modelos ZEEKR X, ZEEKR 7X y ZEEKR 001, bajo el concepto “ZEEKR Go Beyond”.",,false,false
n_a015ad17dff0,Empleo 2.0 Powered by Konzerta: Las claves de la feria laboral más grande del país,https://tvn-2.com/economia/empresas/publirreportajes/empleo-2-powered-by-konzerta_1_2261096.html,TVN,es,2026-09-16T19:33:00.000Z,,2026-10-06T15:09:15.239Z,,tvn_rss,titular_metadatos,"Empleo 2.0 Powered by Konzerta
Empleo 2.0 Powered by Konzerta
es una feria laboral de formato híbrido, creada entre Konzerta y la Alcaldía de Panamá.",,false,false
n_4c7577043fe6,"+Móvil lanza oficialmente más Starlink, el primer servicio de conectividad satelital móvil de Panamá",https://tvn-2.com/economia/empresas/publirreportajes/movil-lanza-oficialmente-starlink-primer_1_2261270.html,TVN,es,2026-09-16T19:31:35.000Z,,2026-10-06T15:09:15.239Z,,tvn_rss,titular_metadatos,"Los clientes prepago y pospago con dispositivos LTE compatibles podrán utilizar WhatsApp para realizar llamadas y enviar mensajes, acceder a Google Maps, utilizar la plataforma X, así como enviar y recibir mensajes de texto (SMS).",,false,false
n_9f17006804cb,"Economía panameña crece 8.49% en julio de 2026, según el INEC",https://tvn-2.com/nacionales/economia-panamena-crece-8-49_1_2261094.html,TVN,es,2026-09-15T21:17:29.000Z,,2026-10-06T15:09:15.239Z,,tvn_rss,titular_metadatos,"El resultado estuvo impulsado principalmente por el comportamiento favorable de sectores como el comercio, transporte, intermediación financiera, seguros y construcción.",,false,false
n_7269094854fe,6 de cada 10 especialistas en recursos humanos utilizan inteligencia artificial para la búsqueda de empleo,https://tvn-2.com/economia/empresas/publirreportajes/6-10-especialistas-recursos-humanos_1_2260300.html,TVN,es,2026-09-14T18:49:33.000Z,,2026-10-06T15:09:15.239Z,,tvn_rss,titular_metadatos,"Estos resultados se presentan en la antesala de Empleo 2.0 Powered by Konzerta, la feria laboral más grande de Panamá.",,false,false
n_cdbf23d2e27e,Panamá reúne a más de 400 líderes empresariales para debatir los desafíos de la inteligencia artificial,https://tvn-2.com/economia/empresas/panama-reune-lideres-empresariales-inteligencia-artificial_1_2260278.html,TVN,es,2026-09-10T18:17:57.000Z,,2026-10-06T15:09:15.239Z,,tvn_rss,titular_metadatos,"La quinta edición de la Cumbre de Liderazgo reúne a empresarios y expositores internacionales para analizar los desafíos que enfrentan las organizaciones, desde la disrupción tecnológica hasta la transformación de los modelos de negocio.",,false,false
n_f3d679d286f4,Alcaldía de Panamá y Konzerta presentan Empleo 2.0 Powered by Konzerta,https://tvn-2.com/economia/empresas/publirreportajes/alcaldia-panama-konzerta-presentan-empleo_1_2260114.html,TVN,es,2026-09-10T18:04:25.000Z,,2026-10-06T15:09:15.239Z,,tvn_rss,titular_metadatos,"El evento contará con más de 70 empresas y más de 7,000 vacantes y tendrá dos variantes: una digital y una presencial.",,false,false
n_f4bd166a1604,Sucasa Estate Developers inaugura su primera Sala de Ventas para presentar Baula Residences,https://tvn-2.com/economia/empresas/publirreportajes/sucasa-estate-developers-inaugura-primera_1_2260096.html,TVN,es,2026-09-09T21:05:52.000Z,,2026-10-06T15:09:15.239Z,,tvn_rss,titular_metadatos,"El nuevo espacio, ubicado en el Piso 1 de SOHO City Center, acerca a compradores e inversionistas a la propuesta de Baula Residences: un proyecto exclusivo que nace cerca del mar, en armonía con la naturaleza y el entorno de Amador.",,false,false
n_828f473759a0,Nuevos bombardeos en el Golfo disparan el petróleo por encima de los 100 dólares,https://tvn-2.com/mundo/nuevos-bombardeos-golfo-disparan-petroleo_1_2260090.html,TVN,es,2026-09-09T19:47:02.000Z,,2026-10-06T15:09:15.239Z,,tvn_rss,titular_metadatos,"La República Islámica mantiene el férreo control sobre el estrecho de Ormuz y Washington, su contrabloqueo de los puertos iraníes.",,false,false
n_a41a9b13e0cb,KFC presenta su nueva identidad de marca en Panamá y reafirma su evolución en la industria,https://tvn-2.com/economia/empresas/publirreportajes/kfc-presenta-nueva-identidad-marca_1_2257543.html,TVN,es,2026-09-07T15:13:36.000Z,,2026-10-06T15:09:15.239Z,,tvn_rss,titular_metadatos,"La icónica marca evoluciona su identidad visual a nivel global y, a partir de septiembre, comenzará a incorporar progresivamente su nueva imagen en Panamá.",,false,false
n_36a08c087c41,Grupo Cincuentenario fortalece su presencia en el interior del país con la apertura oficial de dos nuevas sucursales:  Ford y JIM en Santiago,https://tvn-2.com/economia/empresas/publirreportajes/grupo-cincuentenario-fortalece-presencia-interior_1_2259377.html,TVN,es,2026-09-05T01:09:36.000Z,,2026-10-06T15:09:15.239Z,,tvn_rss,titular_metadatos,"Con más de dos décadas de trayectoria en el sector automotriz, Cincuentenario cuenta con una presencia nacional que le permite brindar soporte, comercialización y servicio posventa de las distintas marcas que representa en el país: Ford, Lincoln, Hyu",,false,false
n_1d0ed083ecf8,AVIS Rent a Car Panamá amplía su oferta de movilidad con nuevas unidades ISUZU D-MAX,https://tvn-2.com/economia/empresas/publirreportajes/avis-rent-car-panama-amplia_1_2259206.html,TVN,es,2026-09-04T17:31:27.000Z,,2026-10-06T15:09:15.239Z,,tvn_rss,titular_metadatos,La incorporación de las pickups ISUZU D-MAX suma una nueva alternativa a la flota de AVIS Panamá para atender diferentes necesidades de movilidad de sus clientes.,,false,false
n_0b90fb3c7c13,Automarket Rent a Car fortalece su flota en Panamá con nuevas unidades ISUZU D-MAX,https://tvn-2.com/economia/empresas/publirreportajes/automarket-rent-car-fortalece-flota_1_2259195.html,TVN,es,2026-09-03T22:44:57.000Z,,2026-10-06T15:09:15.239Z,,tvn_rss,titular_metadatos,"La incorporación de las nuevas pickups amplía la capacidad operativa de
Automarket
y fortalece la presencia de ISUZU Panamá dentro del segmento de alquiler de vehículos y flotas corporativas.",,false,false
n_1920cadadab0,Supermercados Xtra celebra 36 años agradeciendo a quienes forman parte de su historia,https://tvn-2.com/economia/empresas/publirreportajes/supermercados-xtra-celebra-36-anos_1_2259172.html,TVN,es,2026-09-03T21:13:16.000Z,,2026-10-06T15:09:15.239Z,,tvn_rss,titular_metadatos,Supermercados Xtra reafirma su compromiso de mantenerse como una empresa que cree en el país.,,false,false
n_a6fa5359fb05,"Venezuela y EEUU firman nuevos acuerdos petroleros, figuran las empresas Chevron, Eni y GE Vernova",https://tvn-2.com/mundo/venezuela-eeuu-firma-acuerdos-petroleros_1_2258964.html,TVN,es,2026-09-02T19:51:09.000Z,,2026-10-06T15:09:15.239Z,,tvn_rss,titular_metadatos,La estadounidense Chevron y la italiana Eni operarán varios bloques bajo un contrato de producción petrolera (CPP) que aumenta su participación en los campos.,,false,false
n_4141cfd6a1f0,Domingo Alonso entrega a SIXT Panamá su primera flota mediante arrendamiento operativo,https://tvn-2.com/economia/empresas/publirreportajes/domingo-alonso-entrega-sixt-panama_1_2257729.html,TVN,es,2026-08-28T20:28:02.000Z,,2026-10-06T15:09:15.239Z,,tvn_rss,titular_metadatos,"Con esta entrega, Domingo Alonso Panamá fortalece su propuesta dirigida al segmento corporativo y reafirma su compromiso de desarrollar soluciones de movilidad adaptadas a las necesidades de cada empresa.",,false,false
n_fa0d1b8a5d8a,"Tu Banco, tu Istmo: Banistmo presenta nueva identidad como parte del Grupo Financiero BSC",https://tvn-2.com/economia/empresas/publirreportajes/banco-istmo-banistmo-presenta-nueva_1_2258123.html,TVN,es,2026-08-28T18:15:25.000Z,,2026-10-06T15:09:15.239Z,,tvn_rss,titular_metadatos,"Banistmo inicia una nueva etapa en su historia con la presentación de una identidad de marca que busca reflejar su evolución como institución financiera y, al mismo tiempo, fortalecer el vínculo que ha construido con Panamá durante más de cinco décad",,false,false
n_8ff7daad1aef,Presidente de la Reserva Federal afirma que la inflación en EEUU es 'preocupante',https://tvn-2.com/mundo/presidente-reserva-federal-afirma-inflacion_1_2258133.html,TVN,es,2026-08-28T17:13:27.000Z,,2026-10-06T15:09:15.239Z,,tvn_rss,titular_metadatos,"La Reserva Federal ha mantenido los tipos de interés estables a lo largo de 2026, pero un grupo creciente de responsables de política monetaria reclama subir los tipos para combatir la inflación alimentada por las políticas arancelarias del president",,false,false
n_acdf1836cd9a,Chevron Panamá coloca primera piedra de proyecto solar en Bahía Las Minas,https://tvn-2.com/economia/empresas/publirreportajes/chevron-panama-coloca-primera-piedra_1_2257497.html,TVN,es,2026-08-25T17:12:08.000Z,,2026-10-06T15:09:15.239Z,,tvn_rss,titular_metadatos,La nueva instalación tendrá una capacidad aproximada de 4.03 MWp y generará cerca de 5.15 GWh de energía renovable al año.,,false,false
n_0324ef8050dc,BYD y Cofiño presentan oficialmente el nuevo TI 7 en Panamá,https://tvn-2.com/economia/empresas/publirreportajes/byd-cofino-presentan-oficialmente-nuevo_1_2256978.html,TVN,es,2026-08-25T15:28:18.000Z,,2026-10-06T15:09:15.239Z,,tvn_rss,titular_metadatos,"El SUV súper híbrido, que da paso a una nueva categoría en movilidad de nuevas energías y fortalece la oferta de movilidad electrificada de la marca en el país.",,false,false
n_4882cff83dce,"El bitcoin supera los 80.000 dólares, beneficiándose de la debilidad del dólar",https://tvn-2.com/mundo/bitcoin-supera-80-000-dolares_1_2257456.html,TVN,es,2026-08-25T11:25:13.000Z,,2026-10-06T15:09:15.239Z,,tvn_rss,titular_metadatos,"Bitcoin también se beneficia del descenso en los rendimientos de los bonos estadounidenses tras el anuncio del Tesoro el miércoles de un programa ampliado de compra de bonos, lo que ejerce presión sobre el dólar.",,false,false
n_a82782945024,El auge del fútbol panameño y la transformación del entretenimiento deportivo digital en Centroamérica,https://tvn-2.com/economia/empresas/publirreportajes/auge-futbol-panameno-transformacion-entretenimiento_1_2257282.html,TVN,es,2026-08-24T16:34:50.000Z,,2026-10-06T15:09:15.239Z,,tvn_rss,titular_metadatos,"A medida que el mercado de pronósticos digitales crece en la región,
la audiencia busca plataformas que ofrezcan garantías de seguridad
, variedad de mercados y cuotas competitivas; de hecho, en Centroamérica, Costa Rica se ha posicionado históricame",,false,false
n_141bcdfeaa67,"ENA refuerza campaña informativa por trabajos en el intercambiador de Costa del Este, en el Corredor Sur de Agosto a Diciembre 2026",https://tvn-2.com/economia/empresas/publirreportajes/ena-refuerza-campana-informativa-trabajos_1_2256795.html,TVN,es,2026-08-21T18:06:51.000Z,,2026-10-06T15:09:15.239Z,,tvn_rss,titular_metadatos,"ENA hace un llamado a los conductores que transitan por el Corredor Sur, especialmente en las inmediaciones del intercambiador de Costa del Este, a planificar sus rutas con anticipación y mantenerse atentos a los comunicados para conocer cualquier ac",,false,false
n_1b78adf77f8f,Costa Coffee se expande a Panamá con dos nuevas tiendas operadas por el socio franquiciado Grupo Maritanos,https://tvn-2.com/economia/empresas/publirreportajes/costa-coffee-expande-panama-nuevas_1_2256771.html,TVN,es,2026-08-21T15:41:33.000Z,,2026-10-06T15:09:15.239Z,,tvn_rss,titular_metadatos,La marca trae su icónica mezcla Mocha Italia y más de 50 años de experiencia cafetera a uno de los mercados más dinámicos de América Latina.,,false,false
n_89ad1c18a66e,Pacífica Salud reafirma su compromiso con la calidad y seguridad del paciente con nuevas acreditaciones de Joint Commission International,https://tvn-2.com/economia/empresas/publirreportajes/pacifica-salud-reafirma-compromiso-calidad_1_2256763.html,TVN,es,2026-08-21T15:00:37.000Z,,2026-10-06T15:09:15.239Z,,tvn_rss,titular_metadatos,"Hospital Punta Pacífica alcanza por sexta la acreditación internacional, mientras que Pacífica Salud Costa del Este la obtiene por segunda ocasión.",,false,false
n_7655da278715,FedeCámaras presenta hoja de ruta para fortalecer a las MiPyMEs en Panamá,https://tvn-2.com/nacionales/fedecamaras-presenta-hoja-ruta-fortalecer_1_2256735.html,TVN,es,2026-08-20T17:08:01.000Z,,2026-10-06T15:09:15.239Z,,tvn_rss,titular_metadatos,"Entre los puntos más destacados, el gremio pide concentrar los esfuerzos en fortalecer las MiPyMEs existentes, impulsar su formalización y ampliar el acceso al financiamiento.",,false,false
n_026cf5448833,"La convergencia del streaming, los videojuegos y el deporte impulsa una nueva era de televisores",https://tvn-2.com/economia/empresas/publirreportajes/convergencia-streaming-videojuegos-deporte-impulsa_1_2256493.html,TVN,es,2026-08-20T15:00:00.000Z,,2026-10-06T15:09:15.239Z,,tvn_rss,titular_metadatos,"La pantalla que convierte el hogar en estadio, cine y estudio de gaming: el TCL 98P8L reúne en 98 pulgadas la tecnología que hasta ahora solo existía en entornos profesionales.",,false,false
n_f0fef5d22a50,"Proyecto para aplicar 7% en compras digitales busca actualizar el Código Fiscal, explica viceministra de Economía",https://tvn-2.com/nacionales/proyecto-aplicar-7-compras-digitales-codigo-fiscal-viceministra-de-economia_1_2256699.html,TVN,es,2026-08-20T13:18:55.000Z,,2026-10-06T15:09:15.239Z,,tvn_rss,titular_metadatos,"Viceministra de Economía aclaró que no se trata de un nuevo tributo, sino de una actualización para cobrar el ITBMS a proveedores internacionales y generar una renta sustitutiva.",,false,false
n_8ea5e9f9d828,"La Ruta Colonial Transístmica: un viaje por los caminos que hicieron de Panamá un punto clave para el mundo, GRAN ESTRENO",https://tvn-2.com/economia/empresas/publirreportajes/ruta-colonial-transistmica-viaje-caminos_1_2255943.html,TVN,es,2026-08-16T12:00:00.000Z,,2026-10-06T15:09:15.239Z,,tvn_rss,titular_metadatos,"A través de esta nueva producción, el público podrá comprender cómo Panamá comenzó a consolidar desde el período colonial una función que continúa vigente:
ser un punto de encuentro y conexión para el mundo
.",,false,false
n_dbe7cdd97f9d,Lionel Messi despedida| Argentina vs Benín: previa de un partido que promete quedar para la historia,https://tvn-2.com/tvmax/futbol-internacional/lionel-messi-despedida-argentina-vs-benin-previa-partido_1_2264530.html,TVN,es,2026-10-06T12:00:25.000Z,,2026-10-06T15:09:15.239Z,,tvn_rss,titular_metadatos,"¡HOY! Argentina vs Benín, último partido de Lionel Messi con la Albiceleste, a las 6:00 p.m. (previa 5:00 p.m.)

EN VIVO por TVMAX, TVN Pass y nuestro canal de Youtube TVMAX PANAMÁ.",,false,false
n_cd88d448a677,MLB Playoffs 2026 resultado| Yankees están contra la pared con nueva derrota ante Rays. José 'Chema' Caballero se estrena en postemporada,https://tvn-2.com/tvmax/beisbol/mlb/yankees-vs-rays-en-vivo-mlb-playoffs-2026-resultado-partido-divisional-series-beisbol-grandes-ligas_1_2264504.html,TVN,es,2026-10-05T23:55:06.000Z,,2026-10-06T15:09:15.239Z,,tvn_rss,titular_metadatos,"¡IMPERDIBLE! Cerveceros vs Padres, juego 3 de la Serie Divisional de la Liga Nacional, el martes 6 de octubre a las 8:30 p.m. por TVMAX y TVN Pass.",,false,false
n_77e408c51c28,LPF resultado Torneo Apertura 2026| Sporting San Miguelito reacciona y supera a Unión Coclé en cierre de la Jornada 11,https://tvn-2.com/tvmax/lpf/sporting-san-miguelito-vs-union-cocle-lpf-resultado-partido-jornada-11-cierre-futbol-panama_1_2264541.html,TVN,es,2026-10-06T04:27:49.000Z,,2026-10-06T15:09:15.239Z,,tvn_rss,titular_metadatos,"Sintoniza el partido UMECIT FC vs Alianza FC, el domingo 11 de octubre a las 6:15 p.m. por TVMAX, TVN Pass y el canal de YouTube TVMAX PANAMÁ.",,false,false
n_113ff2322e11,Lionel Messi despedida| Argentina se dispone a honrar al gestor de sus más grandes alegrías,https://tvn-2.com/tvmax/futbol-internacional/lionel-messi-despedida-argentina-vs-benin-honrar-alegrias_1_2264463.html,TVN,es,2026-10-05T22:24:39.000Z,,2026-10-06T15:09:15.239Z,,tvn_rss,titular_metadatos,"¡IMPERDIBLE! Argentina vs Benín, último partido de Lionel Messi con la Albiceleste, el martes 6 de octubre

EN VIVO por TVMAX, TVN Pass y nuestro canal de Youtube TVMAX PANAMÁ.",,false,false
n_6f8e8a263d91,"Lionel Messi despedida | Homenaje a la leyenda, dónde ver gratis y en vivo Argentina vs Benín",https://tvn-2.com/tvmax/futbol-internacional/lionel-messi-homenaje-argentina-vs-benin-en-vivo-futbol-despedida-seleccion-albiceleste_1_2264446.html,TVN,es,2026-10-05T20:41:14.000Z,,2026-10-06T15:09:15.239Z,,tvn_rss,titular_metadatos,Argentina vs. Benín: Messi se despide de la Selección Argentina en una noche histórica.,,false,false
n_fbd177b68243,Liga de Naciones Concacaf resultados| Panamá ya tiene rival para cuartos de final. Guatemala y Jamaica cierran la clasificación,https://tvn-2.com/tvmax/somos-la-sele/panama-seleccion-liga-de-naciones-resultados-curazao-guatemala-jamaica_1_2264545.html,TVN,es,2026-10-06T07:27:23.000Z,,2026-10-06T15:09:15.239Z,,tvn_rss,titular_metadatos,"Los partidos de Panamá en los cuartos de final de la Liga Naciones se jugarán entre el 12 y 15 de noviembre y lo podrás ver por TVMAX, TVN Pass y el canal de YouTube TVMAX PANAMÁ.",,false,false
n_5bc4b3f1672f,Thomas Christiansen cierra gira asiática con victoria y elogia a los jóvenes: “Han levantado la mano”,https://tvn-2.com/tvmax/somos-la-sele/thomas-christiansen-seleccion-de-panama-ecuador-copa-kirin-josue-vergara-futbol_1_2264413.html,TVN,es,2026-10-05T17:48:09.000Z,,2026-10-06T15:09:15.239Z,,tvn_rss,titular_metadatos,El técnico de Panamá valoró la actitud del equipo y destacó el rendimiento de los jóvenes durante la gira por Asia.,,false,false
n_19164ab4462d,Josué Vergara | El futuro le sonríe al nuevo goleador panameño apodado 'Yayita',https://tvn-2.com/tvmax/somos-la-sele/josue-vergara-seleccion-de-panama-goles-kaa-gent-delantero-ecuador_1_2264334.html,TVN,es,2026-10-05T09:11:50.000Z,,2026-10-06T15:09:15.239Z,,tvn_rss,titular_metadatos,"El ""Yayita"" Vergara le devuelve el gol a la Selección de Panamá.",,false,false
n_ecd0c26c63a7,Arianne Torres| Joven baloncestista panameña iniciará una nueva etapa deportiva y académica en Estados Unidos,https://tvn-2.com/tvmax/baloncesto/nacional/arianne-torres-panama-baloncesto-intercolegial-viaje-estados-unidos_1_2259134.html,TVN,es,2026-09-03T17:00:17.000Z,,2026-10-06T15:09:15.239Z,,tvn_rss,titular_metadatos,"Con 13 años de edad, Torres será la jugadora más joven que forma parte del baloncesto intercolegial de los Estados Unidos.",,false,false
n_314924eec195,NBA noticias| Clippers reciben una fuerte sanción por violar el tope salarial de la liga,https://tvn-2.com/tvmax/baloncesto/nba/los-angeles-clippers-kawhi-leonard-nba-noticias-sancion-tope-salarial-violacion-baloncesto_1_2259029.html,TVN,es,2026-09-03T02:30:21.000Z,,2026-10-06T15:09:15.239Z,,tvn_rss,titular_metadatos,La medida fue anunciada tras una investigación que la liga de baloncesto llevó a cabo sobre el proceder del equipo de Los Ángeles hacia el jugador Kawhi Leonard.,,false,false
n_db1169761926,Panamá vs Bahamas - Clasificatorio al Mundial de Baloncesto 2027 resultado| Canaleros son dominados en Nasáu,https://tvn-2.com/tvmax/baloncesto/nacional/panama-vs-bahamas-clasificatorio-mundial-de-baloncesto-catar-2027-resultado-partido-grupo-f_1_2258630.html,TVN,es,2026-09-01T02:45:22.000Z,,2026-10-06T15:09:15.239Z,,tvn_rss,titular_metadatos,La 'Roja sin Mangas' fue al Caribe en busca de un resultado positivo que no pudo conseguir.,,false,false
n_f302fa18cba9,"Lionel Messi despedida | Argentina vs Benín: El último partido, fiesta de agradecimiento en el Monumental",https://tvn-2.com/tvmax/futbol-internacional/lionel-messi-despedida-estadio-monumental-buenos-aires-argentina-vs-benin_1_2264548.html,TVN,es,2026-10-06T14:59:32.000Z,,2026-10-06T15:09:15.239Z,,tvn_rss,titular_metadatos,"El compromiso podrá ser visto en Panamá la previa desde las 5:00 pm y el partido 6:00 pm a través de

TVMAX, TVN Pass y el canal de YouTube TVMAX PANAMÁ.",,false,false
n_884823713c82,Liga de Naciones UEFA resultados| Francia e Italia afianzan sus nuevos proyectos ante Bélgica y Turquía,https://tvn-2.com/tvmax/futbol-internacional/liga-de-naciones-uefa-resultados-francia-italia-belgica-turquia-futbol_1_2264492.html,TVN,es,2026-10-05T23:20:04.000Z,,2026-10-06T15:09:15.239Z,,tvn_rss,titular_metadatos,Franceses e italianos han arrancado bien sus nuevos ciclos bajo los técnicos Zinedine Zidane y Roberto Mancini,,false,false
n_e9cabe341946,Brasil de Ancelotti: nuevas caras y viejos problemas tras la fecha FIFA 2026,https://tvn-2.com/tvmax/futbol-internacional/seleccion-de-brasil-carlo-ancelotti-fecha-fifa-futbol-partido-amistoso-vinicius_1_2264419.html,TVN,es,2026-10-05T18:13:57.000Z,,2026-10-06T15:09:15.239Z,,tvn_rss,titular_metadatos,"Sin
Casemiro
, quien ya no entra en los planes, Ancelotti parece poner una ficha sobre él como
eje del medio
junto a
Bruno Guimarães
.",,false,false
n_895fd6e7ab8b,Panamá se subió al trono en el Campeonato Centroamericano de Sóftbol Sub-23 2026,https://tvn-2.com/tvmax/mas-deportes/panama-campeon-campeonato-centroamericano-de-softbol-sub-23-2026-honduras-final-nicaragua_1_2264441.html,TVN,es,2026-10-05T21:01:12.000Z,,2026-10-06T15:09:15.239Z,,tvn_rss,titular_metadatos,La selección masculina panameña mostró consistencia desde el inicio del torneo hasta el final.,,false,false
n_32368e8ac899,Panamá tiene en marcha su Campeonato Nacional de Frontenis 2026,https://tvn-2.com/tvmax/mas-deportes/panama-frontenis-campeonato-nacional-2026_1_2264438.html,TVN,es,2026-10-05T19:54:32.000Z,,2026-10-06T15:09:15.239Z,,tvn_rss,titular_metadatos,Los organizadores destacan el crecimiento de esa disciplina deportiva en el último año.,,false,false
n_a54777ece5f3,F1 Max Verstappen reina en el caos de Sepang para ganar el GP de Baréin,https://tvn-2.com/tvmax/mas-deportes/formula-1-max-verstappen-gran-premio-de-barein-sepang-lando-norris-automovilismo_1_2264228.html,TVN,es,2026-10-04T16:00:36.000Z,,2026-10-06T15:09:15.239Z,,tvn_rss,titular_metadatos,"Se trata de la
primera victoria
de
Verstappen
en
2026.",,false,false
n_3d489909fb58,EN VIVO | Future Champions Panamá desde el gimnasio Athey­na Bylon,https://tvn-2.com/tvmax/mas-deportes/boxeo-en-vivo-future-champions-panama-atheyna-bylon_7_2264181.html,TVN,es,2026-10-04T00:13:56.000Z,,2026-10-06T15:09:15.239Z,,tvn_rss,titular_metadatos,"Mira la transmisión EN VIVO  de este evento

AQUÍ por TVMAX PANAMÁ",,false,false
n_7ca2eaf6bca5,Panamá reúne a unas 900 gimnastas de 16 países en la Copa IGA Internacional,https://tvn-2.com/nacionales/panama-reune-900-gimnastas-16_1_2264179.html,TVN,es,2026-10-04T00:09:43.000Z,,2026-10-06T15:09:15.239Z,,tvn_rss,titular_metadatos,"El encuentro de gimnasia artística femenina cuenta con participantes de
16 países y 44 clubes
, según Laura Lan, organizadora del evento.",,false,false
n_0b12b76f9730,F1| George Russell muestra clase en el Gran Premio de Azerbaiyán,https://tvn-2.com/tvmax/mas-deportes/automovilismo/f1-george-russell-gran-premio-de-azerbaiyan-2026-automovilismo_1_2263007.html,TVN,es,2026-09-27T00:45:27.000Z,,2026-10-06T15:09:15.239Z,,tvn_rss,titular_metadatos,El piloto británico se impuso en una carrera con un desenlace caótico.,,false,false
n_8705fe599959,F1| Max Verstappen anuncia que no competirá en las 24 Horas de Le Mans 2027,https://tvn-2.com/tvmax/mas-deportes/automovilismo/f1-max-verstappen-24-horas-de-le-mans-2027-carrera-automovilismo_1_2262441.html,TVN,es,2026-09-23T22:38:47.000Z,,2026-10-06T15:09:15.239Z,,tvn_rss,titular_metadatos,El tetracampeón de la Fórmula 1 decidió en cuáles carreras de resistencia participará el próximo año.,,false,false
