id_evento,titulo,medio,fecha,elegido,revisado_por
ev_055aa5a11e5f,"Rojas Pardini , bajo investigación : la Contraloría ordena el secuestro preventivo de sus bienes",prensa.com,fecha no disponible,,
ev_0a4af833d717,Colegios particulares atribuyen aumento de matrícula a migración al sector oficial y altos costos de operación,TVN,"6 oct 2026, 7:41 a. m.",,
ev_0e00ebbe586f,Presidentes de Ecuador y Panamá arriban a Colombia para la posesión presidencial,lanacion.com.co,fecha no disponible,,
ev_1266440a9637,Detectan a dos vietnamitas con pasaportes falsos de Japón en el Aeropuerto de Tocumen,telemetro.com,fecha no disponible,,
ev_16e3add04cc0,Ecuador y Panamá establecen las bases para negociar acuerdo,larepublica.ec,fecha no disponible,,
ev_18de834c4e00,"Canciller se reúne con sus homólogos de Panamá , Baréin y Bangladesh",world.kbs.co.kr,fecha no disponible,,
ev_1ba0a0e9d91b,Panamá frente a la báscula : 71 . 7 % con exceso de peso y 35 . 3 % con obesidad,laestrella.com.pa,fecha no disponible,,
ev_24df92ea8176,EN VIVO | Lotería Nacional de Panamá - Resultados del sorteo de este 06 de septiembre de 2026,laestrella.com.pa,fecha no disponible,,
ev_26a635f019b8,Ilya Espino de Marotta se convierte en la primera mujer al frente del Canal,critica.com.pa,fecha no disponible,,
ev_3ca586f25f1f,Jóvenes panameños se reúnen en Boquete para fortalecer el valor de la familia,critica.com.pa,fecha no disponible,,
ev_3f28a1863a82,Corte de agua por el IDAAN hoy en Ciudad de Panamá : conozca las áreas afectadas hasta las 5 : 00 p . m .,telemetro.com,fecha no disponible,,
ev_44f8ce26b64d,Ricardo Pérez presenta +Caminos en el Panamá Motor Show: su estrategia inclusiva de electrificación,TVN,"3 oct 2026, 3:15 p. m.",,
ev_4c7577043fe6,"+Móvil lanza oficialmente más Starlink, el primer servicio de conectividad satelital móvil de Panamá",TVN,"16 sept 2026, 2:31 p. m.",,
ev_4dbc153b7bf1,"Expertos israelíes inician gira en Azuero para evaluar tratamiento, potabilización y distribución del agua",TVN,"5 oct 2026, 6:09 p. m.",,
ev_505b14a34e21,Supermercados Xtra acompaña con solidaridad a pacientes oncológicos durante la Sandwichatón 2026,TVN,"30 sept 2026, 10:33 a. m.",,
ev_518c000d4992,"Aprehenden a Enrique Lau, exdirector de la CSS, por supuesto enriquecimiento injustificado",TVN,"6 oct 2026, 6:50 a. m.",,
ev_58727f537dcf,"Hyundai Truck & Bus lanza en Panamá su nueva Línea GT, con el respaldo de más de 20 años de Grupo Cincuentenario, en el marco de Expo CAPAC 2026",TVN,"25 sept 2026, 11:09 a. m.",,
ev_5ac4850fb044,Panamá y el mundo : estos fueron los principales hechos de este viernes 7 de agosto,laestrella.com.pa,fecha no disponible,,
ev_5e08a4c68e5e,Davivienda Group alcanza $80 mil millones en activos y fortalece a Panamá como eje de su estrategia regional,prensa.com,fecha no disponible,,
ev_5ee43004dedb,Coiba: Hábitat clave para la conservación de la tortuga verde,TVN,"5 oct 2026, 6:43 p. m.",,
ev_617919f9dcab,César Caicedo ahora está recluido en el Hospital Santo Tomás; había sido trasladado a Coiba,TVN,"5 oct 2026, 2:03 p. m.",,
ev_659f73627195,Café Presidente cruza fronteras y llega a Nueva York,critica.com.pa,fecha no disponible,,
ev_6faf2bff68e8,Bocas del Toro: Acodeco despliega inspectores para fiscalizar precios de combustible en estaciones,TVN,"2 oct 2026, 12:16 p. m.",,
ev_79658a38c016,Cirugía de alta complejidad corrige deformidad en el pie de paciente en Chitré,TVN,"5 oct 2026, 4:18 p. m.",,
ev_7e92119a9ee3,Acodeco detecta más de 47 mil productos vencidos en comercios de Panamá,midiario.com,fecha no disponible,,
ev_811f78823982,Cervecería Nacional destaca el rol de la cerveza como motor de desarrollo económico y sostenibilidad en Panamá • Periódico Digital Centroamericano y del Caribe,newsinamerica.com,fecha no disponible,,
ev_8ea5e9f9d828,"La Ruta Colonial Transístmica: un viaje por los caminos que hicieron de Panamá un punto clave para el mundo, GRAN ESTRENO",TVN,"16 ago 2026, 7:00 a. m.",,
ev_8ff7daad1aef,Presidente de la Reserva Federal afirma que la inflación en EEUU es 'preocupante',TVN,"28 ago 2026, 12:13 p. m.",,
ev_963daaeccb2c,Motta Orillac Advisors y OneSource se unen para impulsar la competitividad de las empresas panameñas | La Prensa Panamá,prensa.com,fecha no disponible,,
ev_981e46bd6d90,"El diseño , el lifestyle y el interiorismo de alto nivel acicalan la plaza de Colón",elmundo.es,fecha no disponible,,
ev_9cd988e09c3c,"Ciudad de Panamá destaca entre las mejores de Latinoamérica , según el Global Cities Index",revistaeyn.com,fecha no disponible,,
ev_9e4a8e41095a,Bolivia llevará a Panamá una agenda para frenar a los carteles y atacar sus finanzas,eldeber.com.bo,fecha no disponible,,
ev_9f17006804cb,"Economía panameña crece 8.49% en julio de 2026, según el INEC",TVN,"15 sept 2026, 4:17 p. m.",,
ev_a1c129f0271b,¿ Cómo se fija el precio del combustible en Panamá ? El MEF explica la fórmula quincenal tras aprobarse nuevo subsidio,panamaamerica.com.pa,fecha no disponible,,
ev_a2170d4f27fd,Bagatrac y Meco rehabilitarán vía Panamericana entre David y la frontera con Costa Rica,panamaamerica.com.pa,fecha no disponible,,
ev_a6c8c51fa207,"Descentralización explica qué incluye el proyecto de B/.293,715 para 15 juntas comunales",TVN,"6 oct 2026, 9:51 a. m.",,
ev_aa0b6b06403d,Panamax 2026 simula asalto para impedir un ataque al Canal de Panamá,critica.com.pa,fecha no disponible,,
ev_aaa936440687,"Servicio 24 / 7 se apaga en Panamá : Inseguridad , costos y app debilitan la actividad comercial nocturna",panamaamerica.com.pa,fecha no disponible,,
ev_adfc51a71e82,Panamá Black Weekend 2026 se celebrará del 2 al 4 de octubre con descuentos de hasta 70%,TVN,"21 sept 2026, 9:30 a. m.",,
ev_b53e79eee74d,CEO de Citi se reúne con Mulino : estos son los proyectos de Panamá que interesan a inversionistas,telemetro.com,fecha no disponible,,
ev_ba63f618a0ce,"Riquelme : Me he ido a Panamá , porque quiero invertir entre 7 . 000 y 9 . 000 millones en Latinoamérica . No hay absolutamente nada fiscal",elmundo.es,fecha no disponible,,
ev_bf127913dcdf,Barbados busca reforzar negocios en la Zona Libre de Colón,critica.com.pa,fecha no disponible,,
ev_bf55aaf7afa4,Panamá Caribe y Santos lideran la presencia latinoamericana en el ranking portuario de las Américas en 2025,mundomaritimo.cl,fecha no disponible,,
ev_c2a3d2194ae5,Educación financiera que permanece : BAC fortalece emprendimientos en seis comarcas y territorios | La Prensa Panamá,prensa.com,fecha no disponible,,
ev_c694abddd5ec,El gran terremoto de septiembre de 1882 : la noche que estremeció a Panamá,laestrella.com.pa,fecha no disponible,,
ev_c9ded3749d25,Cinco panameños logran regresar de Rusia mientras crecen las investigaciones por reclutamiento para la guerra,infobae.com,fecha no disponible,,
ev_ccfb30161637,Reformas electorales: Blandón defiende el 3% para nuevos partidos y rechaza aumento del financiamiento privado,TVN,"6 oct 2026, 8:00 a. m.",,
ev_ce443344c63b,Vandalizan pozo del Idaan en Finca 4 de Changuinola y afectan suministro,TVN,"5 oct 2026, 6:07 p. m.",,
ev_d5caa8113a86,Operación Cadena : ocho personas caen por red de tráfico humano en Panamá y Colón,midiario.com,fecha no disponible,,
ev_e333c6659516,Maestros del sector público de Panamá acceden a la IA para transformar la enseñanza,elsalvador.com,fecha no disponible,,
ev_e3f159403e0f,Rubén Pérez asumirá temporalmente como subadministrador del Canal de Panamá,mundomaritimo.cl,fecha no disponible,,
ev_e4244def9c5a,"Panamá prevé aumentar un 11 , 8 % el presupuesto del Ministerio de Seguridad Pública en 2027",infodefensa.com,fecha no disponible,,
ev_e924c2c6d166,Preview - Asamblea de Panamá,asamblea.gob.pa,fecha no disponible,,
ev_e9a0a2e64b1d,Un buque granelero de bandera panameña chocó con un pesquero chino en aguas de Singapur,diaadia.com.pa,fecha no disponible,,
ev_f3d679d286f4,Alcaldía de Panamá y Konzerta presentan Empleo 2.0 Powered by Konzerta,TVN,"10 sept 2026, 1:04 p. m.",,
ev_f9be44e1b54b,Créditos de automóviles en Panamá superan los US$2 . 425 millones,revistaeyn.com,fecha no disponible,,
ev_f9d24d4be1b1,La movilidad eléctrica gana espacio en un mercado panameño marcado por el crecimiento de los SUV,TVN,"3 oct 2026, 4:53 p. m.",,
ev_fd4c53c3afca,MEF : proyecto de ley de descuentos a jubilados debe respetar la Ley de responsabilidad fiscal,laestrella.com.pa,fecha no disponible,,
ev_feec8e04d315,50 lotes del mejor café de Panamá serán subastados en línea este miércoles,prensa.com,fecha no disponible,,
ev_ff61f9adc7ea,¡ Atención Panamá ! SINAPROC extiende vigilancia por lluvias y tormentas hasta el 10 de agosto,telemetro.com,fecha no disponible,,
