id_noticia,titulo,medio,tema_motor,tema_propuesto,tema,revisado_por,fecha
n_a6c8c51fa207,"Descentralización explica qué incluye el proyecto de B/.293,715 para 15 juntas comunales",TVN,servicios_publicos,servicios_publicos,,,
n_71808f047b1d,"Arranca la Semana de la Responsabilidad Social Empresarial con enfoque en sostenibilidad, juventud y el futuro",TVN,deportes,economia,,,
n_ccfb30161637,Reformas electorales: Blandón defiende el 3% para nuevos partidos y rechaza aumento del financiamiento privado,TVN,economia,regulacion,,,
n_0a4af833d717,Colegios particulares atribuyen aumento de matrícula a migración al sector oficial y altos costos de operación,TVN,servicios_publicos,servicios_publicos,,,
n_ac1a76777f96,Panamá reforzará su presencia marítima en Vietnam con nueva oficina de servicio técnico de la AMP en Ho Chi Minh,TVN,logistica_canal,logistica_canal,,,
n_a2c305a79cc7,Disparan contra el vehículo del exdiputado Pedro Torres en Colón,TVN,otro,otro,,,
n_4dbc153b7bf1,"Expertos israelíes inician gira en Azuero para evaluar tratamiento, potabilización y distribución del agua",TVN,servicios_publicos,servicios_publicos,,,
n_5ee43004dedb,Coiba: Hábitat clave para la conservación de la tortuga verde,TVN,eventos_naturales,otro,,,
n_ce443344c63b,Vandalizan pozo del Idaan en Finca 4 de Changuinola y afectan suministro,TVN,servicios_publicos,servicios_publicos,,,
n_00f541fda615,Cacica de la comarca Ngäbe Buglé pide equipo y capacitación al Ministerio de Seguridad para los 'Buko day',TVN,deportes,servicios_publicos,,,
n_79658a38c016,Cirugía de alta complejidad corrige deformidad en el pie de paciente en Chitré,TVN,servicios_publicos,servicios_publicos,,,
n_518c000d4992,"Aprehenden a Enrique Lau, exdirector de la CSS, por supuesto enriquecimiento injustificado",TVN,servicios_publicos,otro,,,
n_617919f9dcab,César Caicedo ahora está recluido en el Hospital Santo Tomás; había sido trasladado a Coiba,TVN,servicios_publicos,otro,,,
n_cd235d5e917d,Ordenan detención provisional para representante de Ñürüm por presunta violencia de género,TVN,otro,otro,,,
n_72020673e6ca,El legado evoluciona: nuevo BMW X5 se presenta en el Panama Motor Show 2026,TVN,economia,otro,,,
n_1791cd5a1bcf,El legado evoluciona: nuevo BMW X5 se presenta en el Panama Motor Show 2026,TVN,economia,otro,,,
n_9de181fc05c9,Mazda impacta en el Panama Motor Show con el lanzamiento del totalmente nuevo CX-5,TVN,economia,otro,,,
n_1511bbffed67,Mazda impacta en el Panama Motor Show con el lanzamiento del totalmente nuevo CX-5,TVN,otro,otro,,,
n_cd345ce45b2a,Mercantil está presente en Panamá Motor Show 2026,TVN,logistica_canal,otro,,,
n_f9d24d4be1b1,La movilidad eléctrica gana espacio en un mercado panameño marcado por el crecimiento de los SUV,TVN,economia,economia,,,
n_412a3e33a42c,Mercantil está presente en Panamá Motor Show 2026,TVN,logistica_canal,otro,,,
n_44f8ce26b64d,Ricardo Pérez presenta +Caminos en el Panamá Motor Show: su estrategia inclusiva de electrificación,TVN,logistica_canal,otro,,,
n_6faf2bff68e8,Bocas del Toro: Acodeco despliega inspectores para fiscalizar precios de combustible en estaciones,TVN,economia,economia,,,
n_8581d3df61f8,"BYD Panamá reunió a representantes de medios de comunicación en su agencia de Calle 50 para realizar un Tech Talk dedicado a conocer de cerca la tecnología, innovación y propuesta de movilidad que distinguen a la marca.",TVN,economia,otro,,,
n_505b14a34e21,Supermercados Xtra acompaña con solidaridad a pacientes oncológicos durante la Sandwichatón 2026,TVN,logistica_canal,otro,,,
n_2db16c5bd59f,BYD Panamá presenta su tecnología y anuncia su participación en Panamá Motor Show 2026,TVN,economia,otro,,,
n_b5bc868e5871,'Nuestro súper': la apuesta de Pedidos Ya para acercar la experiencia de compra digital a más hogares,TVN,deportes,otro,,,
n_f5f0e584dd6b,Panamá muestra su diversidad cultural como País Invitado de Honor en la FIL Santo Domingo 2026,TVN,otro,otro,,,
n_58727f537dcf,"Hyundai Truck & Bus lanza en Panamá su nueva Línea GT, con el respaldo de más de 20 años de Grupo Cincuentenario, en el marco de Expo CAPAC 2026",TVN,logistica_canal,otro,,,
n_75f5ce9bd981,Jazz Experience llevará música y talento nacional a Boquete,TVN,deportes,otro,,,
n_adfc51a71e82,Panamá Black Weekend 2026 se celebrará del 2 al 4 de octubre con descuentos de hasta 70%,TVN,economia,economia,,,
n_9f522a4a6e98,Fitch Ratings cambia a positiva la perspectiva de Etesa y mantiene calificación en ‘B’,TVN,otro,economia,,,
n_afc60a8aa9ab,BRICS a nivel humano: cómo los programas de empleo fortalecen los lazos entre Rusia y Latinoamérica,TVN,economia,otro,,,
n_40d350f2a9d6,Producto Interno Bruto de Panamá crece 6.4% en el segundo trimestre de 2026,TVN,economia,economia,,,
n_4917994b5525,Sólo en su primer día más de 25 mil talentos participaron de Empleo 2.0 Powered by Konzerta,TVN,economia,economia,,,
n_d4025d585f5b,ZEEKR llega oficialmente a Panamá de la mano de Bahia Motors,TVN,logistica_canal,otro,,,
n_a015ad17dff0,Empleo 2.0 Powered by Konzerta: Las claves de la feria laboral más grande del país,TVN,economia,economia,,,
n_4c7577043fe6,"+Móvil lanza oficialmente más Starlink, el primer servicio de conectividad satelital móvil de Panamá",TVN,logistica_canal,otro,,,
n_9f17006804cb,"Economía panameña crece 8.49% en julio de 2026, según el INEC",TVN,economia,economia,,,
n_7269094854fe,6 de cada 10 especialistas en recursos humanos utilizan inteligencia artificial para la búsqueda de empleo,TVN,economia,economia,,,
n_cdbf23d2e27e,Panamá reúne a más de 400 líderes empresariales para debatir los desafíos de la inteligencia artificial,TVN,economia,economia,,,
n_f3d679d286f4,Alcaldía de Panamá y Konzerta presentan Empleo 2.0 Powered by Konzerta,TVN,economia,economia,,,
n_f4bd166a1604,Sucasa Estate Developers inaugura su primera Sala de Ventas para presentar Baula Residences,TVN,logistica_canal,otro,,,
n_828f473759a0,Nuevos bombardeos en el Golfo disparan el petróleo por encima de los 100 dólares,TVN,otro,otro,,,
n_a41a9b13e0cb,KFC presenta su nueva identidad de marca en Panamá y reafirma su evolución en la industria,TVN,otro,otro,,,
n_36a08c087c41,Grupo Cincuentenario fortalece su presencia en el interior del país con la apertura oficial de dos nuevas sucursales:  Ford y JIM en Santiago,TVN,otro,otro,,,
n_1d0ed083ecf8,AVIS Rent a Car Panamá amplía su oferta de movilidad con nuevas unidades ISUZU D-MAX,TVN,economia,otro,,,
n_0b90fb3c7c13,Automarket Rent a Car fortalece su flota en Panamá con nuevas unidades ISUZU D-MAX,TVN,economia,otro,,,
n_1920cadadab0,Supermercados Xtra celebra 36 años agradeciendo a quienes forman parte de su historia,TVN,economia,otro,,,
n_a6fa5359fb05,"Venezuela y EEUU firman nuevos acuerdos petroleros, figuran las empresas Chevron, Eni y GE Vernova",TVN,regulacion,otro,,,
n_4141cfd6a1f0,Domingo Alonso entrega a SIXT Panamá su primera flota mediante arrendamiento operativo,TVN,logistica_canal,otro,,,
n_fa0d1b8a5d8a,"Tu Banco, tu Istmo: Banistmo presenta nueva identidad como parte del Grupo Financiero BSC",TVN,otro,otro,,,
n_8ff7daad1aef,Presidente de la Reserva Federal afirma que la inflación en EEUU es 'preocupante',TVN,economia,otro,,,
n_acdf1836cd9a,Chevron Panamá coloca primera piedra de proyecto solar en Bahía Las Minas,TVN,servicios_publicos,servicios_publicos,,,
n_0324ef8050dc,BYD y Cofiño presentan oficialmente el nuevo TI 7 en Panamá,TVN,economia,otro,,,
n_4882cff83dce,"El bitcoin supera los 80.000 dólares, beneficiándose de la debilidad del dólar",TVN,economia,otro,,,
n_a82782945024,El auge del fútbol panameño y la transformación del entretenimiento deportivo digital en Centroamérica,TVN,deportes,deportes,,,
n_141bcdfeaa67,"ENA refuerza campaña informativa por trabajos en el intercambiador de Costa del Este, en el Corredor Sur de Agosto a Diciembre 2026",TVN,deportes,servicios_publicos,,,
n_1b78adf77f8f,Costa Coffee se expande a Panamá con dos nuevas tiendas operadas por el socio franquiciado Grupo Maritanos,TVN,economia,otro,,,
n_89ad1c18a66e,Pacífica Salud reafirma su compromiso con la calidad y seguridad del paciente con nuevas acreditaciones de Joint Commission International,TVN,servicios_publicos,otro,,,
n_7655da278715,FedeCámaras presenta hoja de ruta para fortalecer a las MiPyMEs en Panamá,TVN,economia,economia,,,
n_026cf5448833,"La convergencia del streaming, los videojuegos y el deporte impulsa una nueva era de televisores",TVN,deportes,otro,,,
n_f0fef5d22a50,"Proyecto para aplicar 7% en compras digitales busca actualizar el Código Fiscal, explica viceministra de Economía",TVN,economia,regulacion,,,
n_8ea5e9f9d828,"La Ruta Colonial Transístmica: un viaje por los caminos que hicieron de Panamá un punto clave para el mundo, GRAN ESTRENO",TVN,logistica_canal,turismo,,,
n_dbe7cdd97f9d,Lionel Messi despedida| Argentina vs Benín: previa de un partido que promete quedar para la historia,TVN,deportes,deportes,,,
n_cd88d448a677,MLB Playoffs 2026 resultado| Yankees están contra la pared con nueva derrota ante Rays. José 'Chema' Caballero se estrena en postemporada,TVN,deportes,deportes,,,
n_77e408c51c28,LPF resultado Torneo Apertura 2026| Sporting San Miguelito reacciona y supera a Unión Coclé en cierre de la Jornada 11,TVN,deportes,deportes,,,
n_113ff2322e11,Lionel Messi despedida| Argentina se dispone a honrar al gestor de sus más grandes alegrías,TVN,deportes,deportes,,,
n_6f8e8a263d91,"Lionel Messi despedida | Homenaje a la leyenda, dónde ver gratis y en vivo Argentina vs Benín",TVN,deportes,deportes,,,
n_fbd177b68243,Liga de Naciones Concacaf resultados| Panamá ya tiene rival para cuartos de final. Guatemala y Jamaica cierran la clasificación,TVN,deportes,deportes,,,
n_5bc4b3f1672f,Thomas Christiansen cierra gira asiática con victoria y elogia a los jóvenes: “Han levantado la mano”,TVN,deportes,deportes,,,
n_19164ab4462d,Josué Vergara | El futuro le sonríe al nuevo goleador panameño apodado 'Yayita',TVN,deportes,deportes,,,
n_ecd0c26c63a7,Arianne Torres| Joven baloncestista panameña iniciará una nueva etapa deportiva y académica en Estados Unidos,TVN,deportes,deportes,,,
n_314924eec195,NBA noticias| Clippers reciben una fuerte sanción por violar el tope salarial de la liga,TVN,deportes,deportes,,,
n_db1169761926,Panamá vs Bahamas - Clasificatorio al Mundial de Baloncesto 2027 resultado| Canaleros son dominados en Nasáu,TVN,deportes,deportes,,,
n_f302fa18cba9,"Lionel Messi despedida | Argentina vs Benín: El último partido, fiesta de agradecimiento en el Monumental",TVN,deportes,deportes,,,
n_884823713c82,Liga de Naciones UEFA resultados| Francia e Italia afianzan sus nuevos proyectos ante Bélgica y Turquía,TVN,deportes,deportes,,,
n_e9cabe341946,Brasil de Ancelotti: nuevas caras y viejos problemas tras la fecha FIFA 2026,TVN,deportes,deportes,,,
n_895fd6e7ab8b,Panamá se subió al trono en el Campeonato Centroamericano de Sóftbol Sub-23 2026,TVN,deportes,deportes,,,
n_32368e8ac899,Panamá tiene en marcha su Campeonato Nacional de Frontenis 2026,TVN,deportes,deportes,,,
n_a54777ece5f3,F1 Max Verstappen reina en el caos de Sepang para ganar el GP de Baréin,TVN,deportes,deportes,,,
n_3d489909fb58,EN VIVO | Future Champions Panamá desde el gimnasio Athey­na Bylon,TVN,deportes,deportes,,,
n_7ca2eaf6bca5,Panamá reúne a unas 900 gimnastas de 16 países en la Copa IGA Internacional,TVN,deportes,deportes,,,
n_0b12b76f9730,F1| George Russell muestra clase en el Gran Premio de Azerbaiyán,TVN,deportes,deportes,,,
n_8705fe599959,F1| Max Verstappen anuncia que no competirá en las 24 Horas de Le Mans 2027,TVN,deportes,deportes,,,
